from," to"," dateTime"
Green,Green,2023-01-16T08:59:30
Green,Green,2023-01-16T08:59:31
Green,Green,2023-01-16T08:59:32
Green,Green,2023-01-16T08:59:33
Green,Green,2023-01-16T08:59:33
Green,Green,2023-01-16T08:59:33
Green,Green,2023-01-17T08:59:33
Green,Green,2023-01-18T08:59:33
Green,Green,2023-01-19T08:59:33
Green,Green,2023-01-20T08:59:33
Green,Green,2023-01-21T08:59:33
Green,Green,2023-01-21T08:59:33
Green,Green,2023-01-19T08:59:33
Green,Green,2023-01-19T08:59:33
Green,Green,2023-01-17T08:59:33
Green,Green,2023-01-18T08:59:33
Green,Green,2023-01-19T08:59:33
Green,Green,2023-01-20T08:59:33
Green,Green,2023-01-21T08:59:33
Green,Green,2023-01-16T08:59:33
Green,Green,2023-01-16T08:59:33
Green,Green,2023-01-16T08:59:33
Green,Green,2023-01-16T08:59:33
Green,Green,2023-01-16T08:59:33
Green,Green,2023-01-16T08:59:33
Green,Green,2023-01-16T08:59:33
Green,Green,2023-01-16T08:59:33
Green,Green,2023-01-16T08:59:33
Green,Green,2023-01-16T08:59:33
Green,Green,2023-01-16T08:59:33
Green,Green,2023-01-16T08:59:33
Green,Green,2023-01-16T08:59:33
Green,Green,2023-01-16T08:59:33
Green,Green,2023-01-16T08:59:33
Green,Green,2023-01-16T08:59:33
Green,Green,2023-01-16T08:59:33
Green,Green,2023-01-16T08:59:33
Green,Green,2023-01-16T08:59:33
Green,Green,2023-01-16T08:59:33
Green,Green,2023-01-16T08:59:33
Green,Green,2023-01-16T08:59:33
Green,Green,2023-01-16T08:59:33
Green,Green,2023-01-16T08:59:33
Green,Green,2023-01-17T08:59:33
Green,Green,2023-01-18T08:59:33
Green,Green,2023-01-19T08:59:33
Green,Green,2023-01-17T08:59:33
Green,Green,2023-01-18T08:59:33
Green,Green,2023-01-19T08:59:33
Green,Green,2023-01-17T08:59:33
Green,Green,2023-01-18T08:59:33
Green,Green,2023-01-19T08:59:33
Green,Green,2023-01-16T08:59:33
Green,Green,2023-01-16T08:59:33
Green,Green,2023-01-16T08:59:33
Green,Green,2023-01-16T08:59:33
Green,Green,2023-01-16T08:59:33
Green,Green,2023-01-16T08:59:33
Green,Green,2023-01-16T08:59:33
Green,Green,2023-01-16T08:59:33
Green,Green,2023-01-16T08:59:33
Green,Green,2023-01-16T08:59:33
Green,Green,2023-01-16T08:59:33
Green,Green,2023-01-16T08:59:33
Green,Green,2023-01-16T08:59:30
Green,Green,2023-01-16T08:59:30
Green,Green,2023-01-16T08:59:30
Green,Green,2023-01-16T08:59:30
Green,Green,2023-01-16T08:59:30
Green,Green,2023-01-16T08:59:30
Green,Green,2023-01-16T08:59:30
Green,Green,2023-01-16T08:59:30
Green,Green,2023-01-16T08:59:30
Green,Green,2023-01-16T08:59:30
Green,Green,2023-01-16T08:59:30
Green,Green,2023-01-16T08:59:30
Green,Green,2023-01-16T08:59:30
Green,Green,2023-01-16T08:59:30
Green,Green,2023-01-16T08:59:30
Green,Green,2023-01-16T08:59:30
Green,Red,2023-01-16T09:58:30
Red,Red,2023-01-15T11:58:30
Red,Green,2023-01-14T14:58:30